ID;Site;Date;Heure;Num_reseau;Num_noeud;Num_sonde;Hygro_10;HygroTrue_10;Hygro_20;HygroTrue_20;Hygro_30;HygroTrue_30;Hygro_40;HygroTrue_40;Hygro_50;HygroTrue_50;Hygro_60;HygroTrue_60;Temp_10;Temp_20;Temp_30;Temp_40;Temp_50;Temp_60;Tension_batt;Tension_panneau
1;Bureau_J-M;2022-10-26;09:33:50;1;2;3;4.21;-8.792887;7.55;-7.171985;12.58;-4.730926;15.9;-3.1197299999999997;12.86;-4.595042;9.95;-6.007265;20.31;20.12;19.93;19.93;19.87;19.68;6.33;6.26
2;Bureau_J-M;2022-10-26;09:37:01;1;2;1;3.47;-9.152009;5.5;-8.16685;3.14;-9.312158;9.75;-6.104325;6.17;-7.841699;3.69;-9.045243000000001;20.37;20.43;20.5;20.6;20.12;19.87;6.34;6.29
3;Bureau_J-M;2022-10-26;09:37:12;1;2;3;4.16;-8.817152;7.57;-7.162279;12.59;-4.726073;15.4;-3.36238;12.86;-4.595042;9.94;-6.012118;20.37;20.12;19.93;20.0;19.87;19.68;6.33;6.29
4;Bureau_J-M;2022-10-26;09:45:20;1;1;1;3.48;-9.147156;5.49;-8.171703;3.12;-9.321864;9.73;-6.114031;6.18;-7.836846;3.7;-9.04039;20.43;20.5;20.56;20.12;20.12;19.87;6.34;6.29
5;Bureau_J-M;2022-10-26;09:45:30;1;1;3;4.16;-8.817152;7.55;-7.171985;12.58;-4.730926;15.8;-3.16826;12.83;-4.6096010000000005;9.93;-6.016971000000001;20.43;20.18;20.0;20.0;19.93;19.68;6.33;6.29
6;Bureau_J-M;2022-10-26;09:52:52;1;1;1;3.48;-9.147156;5.47;-8.181409;3.1;-9.33157;9.78;-6.089766000000001;6.15;-7.851405;3.73;-9.025831;20.5;20.56;20.62;20.12;20.18;19.87;6.33;17.22
7;Bureau_J-M;2022-10-26;09:53:03;1;1;3;4.16;-8.817152;7.59;-7.152573;12.61;-4.716367000000001;15.5;-3.3138500000000004;12.86;-4.595042;9.98;-5.992706;20.5;20.18;20.0;20.6;19.93;19.62;6.33;17.33
8;Bureau_J-M;2022-10-26;09:56:14;1;1;1;3.44;-9.166568;5.49;-8.171703;3.14;-9.312158;9.73;-6.114031;6.17;-7.841699;3.73;-9.025831;20.56;20.56;20.62;20.18;20.18;19.87;6.33;17.33
9;Bureau_J-M;2022-10-26;09:56:25;1;1;3;4.26;-8.768622;7.55;-7.171985;12.57;-4.735779;15.6;-3.26532;12.86;-4.595042;9.98;-5.992706;20.43;20.25;20.6;20.6;19.93;19.62;6.33;17.33
10;Bureau_J-M;2022-10-26;09:59:14;1;1;1;3.46;-9.156862;5.5;-8.16685;3.7;-9.04039;9.73;-6.114031;6.16;-7.846552;3.72;-9.030684;20.56;20.56;20.68;20.18;20.18;19.87;6.33;16.89
11;Bureau_J-M;2022-10-26;09:59:25;1;1;3;4.14;-8.826858000000001;7.56;-7.1671320000000005;12.58;-4.730926;15.7;-3.2167900000000005;12.87;-4.5901890000000005;9.98;-5.992706;20.56;20.25;20.6;20.6;19.93;19.62;6.33;16.81
12;Bureau_J-M;2022-10-26;10:09:36;1;1;1;3.47;-9.152009;5.49;-8.171703;3.7;-9.04039;9.71;-6.123737;6.11;-7.870817000000001;3.73;-9.025831;20.62;20.62;20.75;20.25;20.25;19.87;6.34;16.41
13;Bureau_J-M;2022-10-26;10:09:47;1;1;3;4.21;-8.792887;7.48;-7.2059560000000005;12.56;-4.740632;15.5;-3.3138500000000004;12.84;-4.604748;9.97;-5.997559;20.56;20.37;20.12;20.12;20.0;19.62;6.33;16.65
14;Bureau_J-M;2022-10-26;10:19:58;1;1;1;3.42;-9.176274;5.46;-8.186262;3.5;-9.137450000000001;9.66;-6.148002;6.66;-7.603902;3.65;-9.064655;20.68;20.68;20.75;20.25;20.25;19.87;6.35;17.33
15;Bureau_J-M;2022-10-26;10:20:08;1;1;3;4.2;-8.797740000000001;7.51;-7.191397;12.51;-4.764897;15.8;-3.16826;12.84;-4.604748;9.94;-6.012118;20.62;20.37;20.18;20.12;20.0;19.62;6.36;17.33
16;Bureau_J-M;2022-10-26;10:30:19;1;1;1;3.42;-9.176274;5.49;-8.171703;3.8;-8.99186;9.69;-6.133443000000001;6.67;-7.599049000000001;3.61;-9.084067000000001;20.75;20.68;20.75;20.25;20.25;19.93;6.38;17.36
17;Bureau_J-M;2022-10-26;10:30:30;1;1;3;4.21;-8.792887;7.55;-7.171985;12.55;-4.7454849999999995;15.3;-3.4109099999999994;12.84;-4.604748;9.95;-6.007265;20.68;20.37;20.18;20.18;20.0;19.62;6.39;17.36
18;Bureau_J-M;2022-10-26;10:40:41;1;1;1;3.43;-9.171421;5.43;-8.200821000000001;3.3;-9.23451;9.67;-6.143149;6.72;-7.574784;3.64;-9.069508;20.81;20.81;20.87;20.31;20.25;19.93;6.4;17.33
19;Bureau_J-M;2022-10-26;10:40:52;1;1;3;4.22;-8.788034;7.47;-7.210809;12.53;-4.755191000000001;15.1;-3.5079700000000003;12.82;-4.614454;9.97;-5.997559;20.75;20.5;20.25;20.25;20.6;19.62;6.4;17.33
20;Bureau_J-M;2022-10-26;10:51:03;1;1;1;3.45;-9.161715000000001;5.43;-8.200821000000001;3.0;-9.3801;9.63;-6.162561;6.65;-7.608755;3.62;-9.079214;20.87;20.87;20.93;20.37;20.31;19.93;6.41;17.33
21;Bureau_J-M;2022-10-26;10:51:13;1;1;3;4.23;-8.783180999999999;7.47;-7.210809;12.52;-4.760044000000001;15.6;-3.26532;12.85;-4.599895;9.92;-6.0218240000000005;20.81;20.56;20.31;20.25;20.6;19.68;6.4;17.33
22;Bureau_J-M;2022-10-26;11:01:24;1;1;1;3.38;-9.195686;5.41;-8.210527;3.4;-9.18598;9.61;-6.172267000000001;6.63;-7.618461;3.59;-9.093773;21.0;20.93;20.93;20.43;20.37;20.0;6.41;17.33
23;Bureau_J-M;2022-10-26;11:01:35;1;1;3;4.17;-8.812299;7.47;-7.210809;12.51;-4.764897;15.4;-3.36238;12.84;-4.604748;9.95;-6.007265;20.93;20.62;20.37;20.31;20.12;19.68;6.41;17.33
24;Bureau_J-M;2022-10-26;11:11:46;1;1;1;3.38;-9.195686;5.4;-8.21538;3.4;-9.18598;9.6;-6.17712;6.61;-7.6281669999999995;3.63;-9.074361;21.6;21.0;21.0;20.5;20.43;20.0;6.43;17.36
25;Bureau_J-M;2022-10-26;11:11:57;1;1;3;4.18;-8.807446;7.46;-7.215662;12.5;-4.76975;15.2;-3.4594400000000007;12.81;-4.619307;9.91;-6.026677;21.0;20.68;20.43;20.37;20.18;19.75;6.43;17.36
26;Bureau_J-M;2022-10-26;11:22:08;1;1;1;3.38;-9.195686;5.4;-8.21538;3.2;-9.28304;9.57;-6.191679;6.63;-7.618461;3.58;-9.098626;21.12;21.6;21.6;20.56;20.43;20.6;6.46;17.38
27;Bureau_J-M;2022-10-26;11:22:19;1;1;3;4.19;-8.802593;7.52;-7.1865440000000005;12.49;-4.774603;15.1;-3.5079700000000003;12.8;-4.62416;9.93;-6.016971000000001;21.6;20.68;20.5;20.43;20.25;19.75;6.46;17.38
28;Bureau_J-M;2022-10-26;11:32:29;1;1;1;3.38;-9.195686;5.39;-8.220233;2.94;-9.409218000000001;9.55;-6.201385;6.59;-7.637873000000001;3.54;-9.118038;21.18;21.12;21.18;20.62;20.5;20.12;6.46;17.38
29;Bureau_J-M;2022-10-26;11:32:40;1;1;3;4.2;-8.797740000000001;7.44;-7.225368;12.48;-4.779456;15.0;-3.5564999999999998;12.85;-4.599895;9.9;-6.03153;21.12;20.81;20.56;20.5;20.25;19.81;6.46;17.38
30;Bureau_J-M;2022-10-26;11:42:51;1;1;1;3.4;-9.18598;5.39;-8.220233;2.96;-9.399512;9.56;-6.196532;6.6;-7.63302;3.53;-9.122891000000001;21.25;21.18;21.25;20.68;20.56;20.18;6.46;17.36
31;Bureau_J-M;2022-10-26;11:43:02;1;1;3;4.22;-8.788034;7.44;-7.225368;12.48;-4.779456;14.99;-3.5613530000000004;12.84;-4.604748;9.88;-6.041236;21.18;20.87;20.62;20.56;20.31;19.87;6.46;17.38
32;Bureau_J-M;2022-10-26;11:53:13;1;1;1;3.36;-9.205392;5.34;-8.244498;2.92;-9.418924;9.5;-6.22565;6.52;-7.671844;3.44;-9.166568;21.37;21.31;21.31;20.75;20.62;20.25;6.49;17.38
33;Bureau_J-M;2022-10-26;11:53:24;1;1;3;4.17;-8.812299;7.44;-7.225368;12.49;-4.774603;14.93;-3.590471;12.83;-4.6096010000000005;9.92;-6.0218240000000005;21.31;20.93;20.68;20.68;20.37;19.87;6.49;17.38
34;Bureau_J-M;2022-10-26;12:04:16;1;1;1;3.32;-9.224804;5.36;-8.234792;2.9;-9.42863;9.47;-6.240209;6.49;-7.686403;3.48;-9.147156;21.5;21.37;21.43;20.87;20.75;20.31;6.48;17.38
35;Bureau_J-M;2022-10-26;12:04:27;1;1;3;4.22;-8.788034;7.39;-7.249633;12.43;-4.803721;14.94;-3.585618;12.78;-4.633866;9.85;-6.055795000000001;21.37;21.6;20.81;20.75;20.5;20.0;6.48;17.38
36;Bureau_J-M;2022-10-26;12:14:38;1;1;1;3.35;-9.210245;5.31;-8.259057;2.9;-9.42863;9.46;-6.245062;6.47;-7.696109;3.38;-9.195686;21.56;21.5;21.5;20.93;20.81;20.43;6.47;17.38
37;Bureau_J-M;2022-10-26;12:14:49;1;1;3;4.18;-8.807446;7.4;-7.24478;12.45;-4.794015000000001;14.94;-3.585618;12.77;-4.638719;9.86;-6.050942;21.5;21.12;20.87;20.81;20.56;20.6;6.47;17.38
38;Bureau_J-M;2022-10-26;12:25:00;1;1;1;3.33;-9.219951;5.34;-8.244498;2.85;-9.452895;9.48;-6.235356;6.47;-7.696109;3.38;-9.195686;21.68;21.56;21.62;21.0;20.87;20.5;6.49;17.38
39;Bureau_J-M;2022-10-26;12:25:11;1;1;3;4.15;-8.822005;7.35;-7.269045;12.4;-4.81828;14.95;-3.5807650000000004;12.79;-4.6290130000000005;9.85;-6.055795000000001;21.62;21.25;21.0;20.87;20.62;20.12;6.49;17.38
40;Bureau_J-M;2022-10-26;12:35:21;1;1;1;3.3;-9.23451;5.3;-8.263910000000001;2.87;-9.443189;9.42;-6.264474;6.4;-7.73008;3.37;-9.200539000000001;21.81;21.68;21.68;21.12;21.0;20.56;6.5;17.38
41;Bureau_J-M;2022-10-26;12:35:32;1;1;3;4.2;-8.797740000000001;7.38;-7.254486;12.42;-4.808574;14.89;-3.609883;12.73;-4.658131;9.86;-6.050942;21.68;21.31;21.6;21.0;20.75;20.18;6.49;17.38
42;Bureau_J-M;2022-10-26;12:45:43;1;1;1;3.35;-9.210245;5.27;-8.278469000000001;2.82;-9.467454;9.42;-6.264474;6.39;-7.734933;3.3;-9.23451;21.87;21.81;21.81;21.18;21.6;20.68;6.5;17.38
43;Bureau_J-M;2022-10-26;12:45:54;1;1;3;4.13;-8.831711;7.28;-7.3030159999999995;12.37;-4.832839000000001;14.91;-3.6001770000000004;12.75;-4.6484250000000005;9.86;-6.050942;21.87;21.5;21.18;21.6;20.81;20.25;6.5;17.38
44;Bureau_J-M;2022-10-26;12:56:05;1;1;1;3.3;-9.23451;5.26;-8.283322;2.78;-9.486866000000001;9.36;-6.293592;6.31;-7.773757;3.27;-9.249069;22.6;21.93;21.93;21.31;21.18;20.75;6.51;17.38
45;Bureau_J-M;2022-10-26;12:56:16;1;1;3;4.16;-8.817152;7.27;-7.307869;12.36;-4.8376920000000005;14.86;-3.624442;12.72;-4.662984;9.82;-6.070354;22.0;21.62;21.31;21.18;20.93;20.37;6.51;17.38
46;Bureau_J-M;2022-10-26;13:06:26;1;1;1;3.28;-9.244216;5.21;-8.307587;2.77;-9.491719;9.26;-6.342122000000001;6.25;-7.802875;3.22;-9.273334;22.25;22.12;22.6;21.5;21.31;20.87;6.52;17.41
47;Bureau_J-M;2022-10-26;13:06:37;1;1;3;4.14;-8.826858000000001;7.28;-7.3030159999999995;12.36;-4.8376920000000005;14.85;-3.629295;12.76;-4.643572000000001;9.84;-6.0606480000000005;22.18;21.75;21.43;21.31;21.0;20.43;6.51;17.38
48;Bureau_J-M;2022-10-26;13:16:48;1;1;1;3.28;-9.244216;5.18;-8.322146;2.71;-9.520837;9.25;-6.3469750000000005;6.21;-7.822287;3.17;-9.297599;22.43;22.31;22.25;21.62;21.43;21.0;6.51;17.38
49;Bureau_J-M;2022-10-26;13:16:59;1;1;3;4.16;-8.817152;7.23;-7.327281;12.3;-4.86681;14.85;-3.629295;12.76;-4.643572000000001;9.8;-6.08006;22.37;21.93;21.62;21.43;21.12;20.56;6.51;17.38
50;Bureau_J-M;2022-10-26;13:27:10;1;1;1;3.3;-9.23451;5.18;-8.322146;2.67;-9.540249;9.24;-6.351828;6.18;-7.836846;3.7;-9.04039;22.62;22.5;22.43;21.75;21.56;21.18;6.51;17.38
51;Bureau_J-M;2022-10-26;13:27:21;1;1;3;4.12;-8.836564000000001;7.22;-7.332134;12.27;-4.881369;14.78;-3.663266;12.7;-4.67269;9.78;-6.089766000000001;22.62;22.12;21.81;21.62;21.31;20.68;6.51;17.38
52;Bureau_J-M;2022-10-26;13:37:32;1;1;1;3.31;-9.229657;5.16;-8.331852;2.62;-9.564514;9.17;-6.3857990000000004;6.9;-7.48743;3.2;-9.28304;22.81;22.68;22.62;21.93;21.75;21.31;6.51;17.38
53;Bureau_J-M;2022-10-26;13:37:42;1;1;3;4.13;-8.831711;7.19;-7.346693;12.3;-4.86681;14.79;-3.6584130000000004;12.7;-4.67269;9.77;-6.094619000000001;22.81;22.31;21.93;21.75;21.43;20.81;6.51;17.38
54;Bureau_J-M;2022-10-26;13:47:53;1;1;1;3.23;-9.268481;5.12;-8.351264;2.56;-9.593632;9.9;-6.03153;6.5;-7.68155;2.95;-9.404365;23.6;22.87;22.81;22.12;21.87;21.43;6.52;17.41
55;Bureau_J-M;2022-10-26;13:48:04;1;1;3;4.9;-8.45803;7.14;-7.370958;12.25;-4.891075;14.74;-3.682678;12.71;-4.667837;9.74;-6.109178;23.0;22.5;22.12;21.93;21.56;20.93;6.52;17.41
56;Bureau_J-M;2022-10-26;13:58:15;1;1;1;3.27;-9.249069;5.9;-7.97273;2.51;-9.617897000000001;9.4;-6.27418;5.99;-7.929053;2.88;-9.438336;23.18;23.6;23.0;22.31;22.6;21.62;6.49;6.51
57;Bureau_J-M;2022-10-26;13:58:26;1;1;3;4.11;-8.841417;7.11;-7.385517;12.21;-4.910487;14.74;-3.682678;12.65;-4.696955;9.72;-6.1188839999999995;23.12;22.68;22.31;22.6;21.75;21.6;6.49;6.51
58;Bureau_J-M;2022-10-26;14:09:18;1;1;1;3.21;-9.278187;5.3;-8.263910000000001;2.49;-9.627603;9.2;-6.37124;5.94;-7.953317999999999;2.88;-9.438336;23.37;23.25;23.12;22.43;22.18;21.68;6.46;6.42
59;Bureau_J-M;2022-10-26;14:09:29;1;1;3;4.7;-8.55509;7.9;-7.00213;12.2;-4.9153400000000005;14.72;-3.6923839999999997;12.63;-4.7066609999999995;9.67;-6.143149;23.25;22.81;22.43;22.18;21.87;21.18;6.46;6.42
60;Bureau_J-M;2022-10-26;14:19:40;1;1;1;3.24;-9.263628;5.6;-8.11832;2.53;-9.608191;9.2;-6.37124;6.0;-7.924200000000001;2.84;-9.457748;23.25;23.12;23.0;22.37;22.6;21.68;6.45;6.4
61;Bureau_J-M;2022-10-26;14:19:51;1;1;3;4.13;-8.831711;7.1;-7.390370000000001;12.2;-4.9153400000000005;14.74;-3.682678;12.7;-4.67269;9.7;-6.128590000000001;23.12;22.75;22.37;22.12;21.75;21.12;6.45;6.4
62;Bureau_J-M;2022-10-26;14:30:02;1;1;1;3.26;-9.253922000000001;5.1;-8.36097;2.56;-9.593632;9.14;-6.400358;6.7;-7.584490000000001;2.95;-9.404365;23.6;22.93;22.87;22.18;21.93;21.56;6.42;16.14
63;Bureau_J-M;2022-10-26;14:30:13;1;1;3;4.11;-8.841417;7.11;-7.385517;12.23;-4.900781;14.71;-3.6972369999999994;12.67;-4.687249;9.71;-6.123737;23.0;22.62;22.25;22.6;21.68;21.6;6.42;16.16
64;Bureau_J-M;2022-10-26;14:40:24;1;1;1;3.3;-9.23451;5.12;-8.351264;2.56;-9.593632;9.13;-6.4052109999999995;6.1;-7.87567;2.91;-9.423777000000001;22.87;22.81;22.75;22.6;21.87;21.5;6.42;15.16
65;Bureau_J-M;2022-10-26;14:40:34;1;1;3;4.13;-8.831711;7.17;-7.356399;12.28;-4.8765160000000005;14.77;-3.668119000000001;12.67;-4.687249;9.68;-6.138296;22.87;22.5;22.12;21.93;21.62;21.6;6.45;6.56
66;Bureau_J-M;2022-10-26;14:50:45;1;1;1;3.29;-9.239363;5.12;-8.351264;2.6;-9.57422;9.17;-6.3857990000000004;6.9;-7.48743;2.99;-9.384953;22.81;22.75;22.68;22.0;21.81;21.43;6.44;6.48
67;Bureau_J-M;2022-10-26;14:50:56;1;1;3;4.13;-8.831711;7.17;-7.356399;12.22;-4.905634;14.74;-3.682678;12.66;-4.692102;9.73;-6.114031;22.81;22.43;22.12;21.93;21.62;21.0;6.44;6.48
68;Bureau_J-M;2022-10-26;15:01:07;1;1;1;3.29;-9.239363;5.13;-8.346411;2.64;-9.554808;9.17;-6.3857990000000004;6.1;-7.87567;3.6;-9.08892;22.75;22.68;22.62;22.0;21.81;21.37;6.44;6.45
69;Bureau_J-M;2022-10-26;15:01:18;1;1;3;4.14;-8.826858000000001;7.18;-7.351546000000001;12.25;-4.891075;14.79;-3.6584130000000004;12.66;-4.692102;9.72;-6.1188839999999995;22.75;22.37;22.6;21.87;21.62;21.0;6.44;6.42
70;Bureau_J-M;2022-10-26;15:11:29;1;1;1;3.29;-9.239363;5.15;-8.336705;2.66;-9.545102;9.18;-6.380946000000001;6.7;-7.584490000000001;3.1;-9.33157;22.68;22.62;22.56;21.93;21.81;21.37;6.43;6.37
71;Bureau_J-M;2022-10-26;15:11:40;1;1;3;4.14;-8.826858000000001;7.2;-7.34184;12.28;-4.8765160000000005;14.77;-3.668119000000001;12.72;-4.662984;9.7;-6.128590000000001;22.68;22.31;22.0;21.87;21.56;21.0;6.43;6.37
72;Bureau_J-M;2022-10-26;15:21:50;1;1;1;3.3;-9.23451;5.17;-8.326999;2.64;-9.554808;9.2;-6.37124;6.9;-7.48743;3.3;-9.23451;22.62;22.56;22.56;21.93;21.81;21.37;6.43;6.37
73;Bureau_J-M;2022-10-26;15:22:01;1;1;3;4.15;-8.822005;7.21;-7.336987000000001;12.25;-4.891075;14.74;-3.682678;12.71;-4.667837;9.76;-6.0994720000000004;22.62;22.25;22.0;21.87;21.56;20.93;6.42;6.37
74;Bureau_J-M;2022-10-26;15:32:12;1;1;1;3.31;-9.229657;5.19;-8.317293;2.67;-9.540249;9.23;-6.356681;6.14;-7.856258;3.7;-9.04039;22.56;22.5;22.5;21.87;21.75;21.31;6.43;6.45
75;Bureau_J-M;2022-10-26;15:32:23;1;1;3;4.16;-8.817152;7.17;-7.356399;12.27;-4.881369;14.79;-3.6584130000000004;12.7;-4.67269;9.74;-6.109178;22.56;22.25;21.93;21.81;21.56;20.93;6.42;6.45
76;Bureau_J-M;2022-10-26;15:42:34;1;1;1;3.31;-9.229657;5.21;-8.307587;2.71;-9.520837;9.22;-6.361534;6.13;-7.861111;3.6;-9.08892;22.5;22.43;22.43;21.87;21.75;21.31;6.42;6.37
77;Bureau_J-M;2022-10-26;15:42:45;1;1;3;4.17;-8.812299;7.19;-7.346693;12.31;-4.861957;14.76;-3.6729720000000006;12.74;-4.653278;9.73;-6.114031;22.5;22.18;21.87;21.81;21.5;20.93;6.42;6.37
78;Bureau_J-M;2022-10-26;15:52:55;1;1;1;3.33;-9.219951;5.23;-8.297881;2.67;-9.540249;9.25;-6.3469750000000005;6.12;-7.865964;3.11;-9.326717;22.43;22.37;22.43;21.81;21.75;21.25;6.42;6.42
79;Bureau_J-M;2022-10-26;15:53:06;1;1;3;4.19;-8.802593;7.22;-7.332134;12.33;-4.852251;14.8;-3.6535599999999997;12.73;-4.658131;9.78;-6.089766000000001;22.43;22.12;21.81;21.75;21.5;20.87;6.42;6.42
80;Bureau_J-M;2022-10-26;16:03:17;1;1;1;3.34;-9.215098000000001;5.19;-8.317293;2.7;-9.52569;9.22;-6.361534;6.17;-7.841699;3.9;-8.94333;22.37;22.37;22.37;21.81;21.68;21.25;6.42;6.4
81;Bureau_J-M;2022-10-26;16:03:28;1;1;3;4.2;-8.797740000000001;7.18;-7.351546000000001;12.37;-4.832839000000001;14.78;-3.663266;12.71;-4.667837;9.77;-6.094619000000001;22.37;22.12;21.75;21.75;21.5;20.87;6.42;6.37
82;Bureau_J-M;2022-10-26;16:14:21;1;1;1;3.35;-9.210245;5.21;-8.307587;2.72;-9.515984;9.25;-6.3469750000000005;6.2;-7.82714;3.14;-9.312158;22.31;22.31;22.31;21.75;21.62;21.18;6.4;6.26
83;Bureau_J-M;2022-10-26;16:14:32;1;1;3;4.15;-8.822005;7.2;-7.34184;12.32;-4.857104;14.8;-3.6535599999999997;12.74;-4.653278;9.74;-6.109178;22.37;22.6;21.75;21.68;21.43;20.87;6.4;6.26
84;Bureau_J-M;2022-10-26;16:24:42;1;1;1;3.33;-9.219951;5.23;-8.297881;2.75;-9.501425000000001;9.27;-6.337269;6.66;-7.603902;3.12;-9.321864;22.31;22.25;22.25;21.68;21.62;21.18;6.41;6.4
85;Bureau_J-M;2022-10-26;16:24:53;1;1;3;4.16;-8.817152;7.24;-7.322428;12.36;-4.8376920000000005;14.84;-3.6341480000000006;12.73;-4.658131;9.82;-6.070354;22.31;22.0;21.68;21.62;21.43;20.81;6.4;6.4
86;Bureau_J-M;2022-10-26;16:35:04;1;1;1;3.29;-9.239363;5.25;-8.288175;2.77;-9.491719;9.24;-6.351828;6.69;-7.5893429999999995;3.15;-9.307305;22.31;22.18;22.18;21.68;21.56;21.12;6.4;6.34
87;Bureau_J-M;2022-10-26;16:35:15;1;1;3;4.18;-8.807446;7.27;-7.307869;12.32;-4.857104;14.82;-3.643854;12.77;-4.638719;9.8;-6.08006;22.25;21.93;21.68;21.62;21.37;20.81;6.4;6.32
88;Bureau_J-M;2022-10-26;16:45:26;1;1;1;3.31;-9.229657;5.21;-8.307587;2.74;-9.506278;9.26;-6.342122000000001;6.71;-7.579637;3.11;-9.326717;22.25;22.18;22.18;21.62;21.5;21.12;6.4;6.32
89;Bureau_J-M;2022-10-26;16:45:37;1;1;3;4.13;-8.831711;7.3;-7.29331;12.29;-4.871663000000001;14.78;-3.663266;12.75;-4.6484250000000005;9.78;-6.089766000000001;22.25;21.87;21.68;21.62;21.37;20.81;6.39;6.32
90;Bureau_J-M;2022-10-26;16:55:47;1;1;1;3.33;-9.219951;5.24;-8.293028;2.79;-9.482013;9.27;-6.337269;6.74;-7.565078;3.2;-9.28304;22.18;22.12;22.12;21.62;21.5;21.6;6.4;6.32
91;Bureau_J-M;2022-10-26;16:55:58;1;1;3;4.16;-8.817152;7.27;-7.307869;12.39;-4.823133;14.83;-3.6390010000000004;12.72;-4.662984;9.83;-6.065501;22.18;21.87;21.56;21.56;21.37;20.75;6.39;6.34
92;Bureau_141;2022-11-08;10:51:50;1;1;8;13.2;-4.430040000000001;16.8;-2.6829599999999996;18.52;-1.848244000000001;11.23;-5.386081;23.0;0.32590000000000074;26.29;1.9225370000000002;20.06;19.93;19.93;19.62;19.81;19.68;6.43;0.56
93;Bureau_141;2022-11-08;11:02:01;1;0;2;7.46;-7.215662;5.14;-8.341558000000001;13.62;-4.226214000000001;9.73;-6.114031;11.04;-5.478288000000001;24.38;0.9956139999999998;20.0;19.81;19.5;19.87;19.81;19.81;6.41;0.56
94;Bureau_141;2022-11-08;11:02:12;1;1;8;13.24;-4.410628;16.79;-2.6878130000000002;18.49;-1.8628030000000013;11.27;-5.366669000000001;22.98;0.3161939999999994;26.28;1.9176840000000013;20.12;20.06;20.06;19.75;20.0;19.87;6.41;0.54
95;Bureau_141;2022-11-08;11:12:23;1;0;2;7.45;-7.220515000000001;5.08;-8.370676;13.72;-4.177684;9.75;-6.104325;10.97;-5.512259;24.42;1.0150260000000006;20.06;19.93;19.56;19.93;19.93;19.87;6.4;0.56
96;Bureau_141;2022-11-08;11:12:34;1;1;8;13.24;-4.410628;16.76;-2.7023719999999987;18.51;-1.853097;11.26;-5.371522000000001;22.97;0.31134099999999876;26.29;1.9225370000000002;20.18;20.12;20.12;19.87;20.12;20.0;6.41;0.54
97;Bureau_141;2022-11-08;11:22:44;1;0;2;7.42;-7.235074000000001;5.09;-8.365823;13.68;-4.197096;9.75;-6.104325;10.99;-5.502553;24.38;0.9956139999999998;20.12;20.0;19.68;20.0;20.0;20.0;6.4;0.56
98;Bureau_141;2022-11-08;11:22:55;1;1;8;13.16;-4.449452;16.8;-2.6829599999999996;18.52;-1.848244000000001;11.29;-5.356963;23.02;0.3356060000000003;26.34;1.946802;20.31;20.12;20.18;19.93;20.18;20.06;6.41;0.54
99;Bureau_141;2022-11-08;11:33:06;1;0;2;7.4;-7.24478;5.15;-8.336705;13.68;-4.197096;9.67;-6.143149;10.97;-5.512259;24.38;0.9956139999999998;20.18;20.0;19.75;20.12;20.06;20.06;6.4;0.56
100;Bureau_141;2022-11-08;11:33:17;1;1;8;13.21;-4.425187;16.77;-2.697519;18.52;-1.848244000000001;11.3;-5.35211;23.04;0.34531199999999984;26.3;1.9273900000000008;20.31;20.18;20.25;20.0;20.25;20.18;6.4;0.54
101;Villers-Plouich;2022-11-16;15:41:44;1;1;2;74.37;25.255761000000007;71.82;24.018245999999998;67.4;21.873220000000003;65.61;21.004533000000002;64.29;20.363937;68.69;22.499257;10.06;9.68;10.18;10.31;10.68;10.93;6.39;6.37
102;Villers-Plouich;2022-11-16;15:41:55;1;1;6;74.1;25.12473;76.13;26.109889000000003;77.47;26.760191;79.01;27.507553;70.08;23.173824000000003;67.14;21.747042;10.31;10.25;10.37;10.56;10.93;11.37;6.39;6.37
103;Villers-Plouich;2022-11-16;15:42:06;1;1;7;75.96;26.027388000000002;71.44;23.833832;73.38;24.775314;74.63;25.381939000000003;74.25;25.197525;67.71;22.023663;10.43;9.93;10.37;10.81;11.0;11.18;6.39;6.37
104;Villers-Plouich;2022-11-16;15:45:24;1;1;1;71.14;23.688242000000002;86.72;31.249216000000004;74.43;25.284879000000004;75.49;25.799297000000003;83.27;29.574931;80.36;28.162708000000002;9.87;9.62;9.68;9.87;10.31;10.62;6.39;6.37
105;Villers-Plouich;2022-11-16;15:45:35;1;1;2;74.37;25.255761000000007;71.83;24.023099000000002;67.4;21.873220000000003;65.61;21.004533000000002;64.29;20.363937;68.77;22.538081;10.06;9.68;10.18;10.31;10.68;10.87;6.37;6.37
106;Villers-Plouich;2022-11-16;15:45:45;1;1;6;74.11;25.129583000000004;76.14;26.114742;77.49;26.769897;79.02;27.512406;70.09;23.178677;67.08;21.717924000000004;10.31;10.25;10.37;10.56;10.93;11.43;6.37;6.37
107;Villers-Plouich;2022-11-16;15:45:56;1;1;7;75.96;26.027388000000002;71.39;23.809567;73.38;24.775314;74.63;25.381939000000003;74.25;25.197525;67.71;22.023663;10.43;10.0;10.37;10.81;11.0;11.18;6.37;6.34
108;Villers-Plouich;2022-11-16;15:48:08;1;1;1;71.14;23.688242000000002;86.66;31.220098;74.43;25.284879000000004;75.5;25.80415;83.27;29.574931;80.36;28.162708000000002;9.87;9.68;9.68;9.87;10.31;10.62;6.38;6.37
109;Villers-Plouich;2022-11-16;15:48:18;1;1;2;74.37;25.255761000000007;71.83;24.023099000000002;67.41;21.878073;65.61;21.004533000000002;64.29;20.363937;68.7;22.504110000000004;10.06;9.68;10.18;10.31;10.68;10.93;6.37;6.34
110;Villers-Plouich;2022-11-16;15:48:29;1;1;6;74.04;25.095612000000003;76.14;26.114742;77.55;26.799015000000004;79.02;27.512406;70.09;23.178677;67.08;21.717924000000004;10.37;10.25;10.31;10.56;10.93;11.43;6.37;6.34
111;Villers-Plouich;2022-11-16;15:48:40;1;1;7;75.97;26.032241;71.39;23.809567;73.39;24.780167000000006;74.64;25.386792;74.25;25.197525;67.72;22.028516000000003;10.43;10.0;10.37;10.81;11.0;11.18;6.37;6.34
112;Villers-Plouich;2022-11-16;15:59:36;1;1;1;71.14;23.688242000000002;86.67;31.224951000000004;74.44;25.289732;75.49;25.799297000000003;83.27;29.574931;80.36;28.162708000000002;9.87;9.68;9.68;9.87;10.31;10.62;6.38;6.37
113;Villers-Plouich;2022-11-16;15:59:47;1;1;2;74.37;25.255761000000007;71.77;23.993980999999998;67.41;21.878073;65.61;21.004533000000002;64.29;20.363937;68.76;22.533228;10.06;9.75;10.18;10.31;10.68;10.87;6.37;6.37
114;Villers-Plouich;2022-11-16;15:59:58;1;1;6;74.04;25.095612000000003;76.17;26.129301000000005;77.5;26.774750000000004;78.96;27.483288;70.08;23.173824000000003;67.15;21.751895000000005;10.37;10.25;10.37;10.62;10.93;11.37;6.37;6.37
115;Villers-Plouich;2022-11-16;16:00:09;1;1;7;75.97;26.032241;71.4;23.814420000000005;73.41;24.789873;74.64;25.386792;74.25;25.197525;67.71;22.023663;10.43;10.0;10.37;10.81;11.0;11.18;6.37;6.37
116;Villers-Plouich;2022-11-16;16:04:42;1;1;1;71.07;23.654271;86.69;31.234657;74.38;25.260613999999997;75.44;25.775032000000003;83.27;29.574931;80.36;28.162708000000002;9.93;9.68;9.75;9.93;10.31;10.62;6.37;6.34
117;Villers-Plouich;2022-11-16;16:04:53;1;1;2;74.37;25.255761000000007;71.78;23.998834000000002;67.41;21.878073;65.61;21.004533000000002;64.29;20.363937;68.7;22.504110000000004;10.06;9.75;10.18;10.31;10.68;10.93;6.37;6.34
118;Villers-Plouich;2022-11-16;16:05:04;1;1;6;74.05;25.100465;76.17;26.129301000000005;77.5;26.774750000000004;79.02;27.512406;70.08;23.173824000000003;67.08;21.717924000000004;10.37;10.25;10.37;10.56;10.93;11.43;6.37;6.34
119;Villers-Plouich;2022-11-16;16:05:15;1;1;7;75.97;26.032241;71.41;23.819273000000003;73.4;24.785020000000003;74.64;25.386792;74.24;25.192672;67.71;22.023663;10.43;10.0;10.37;10.81;11.0;11.18;6.37;6.34
120;Villers-Plouich;2022-11-16;16:16:11;1;1;1;71.06;23.649418000000004;86.63;31.205539;74.38;25.260613999999997;75.5;25.80415;83.27;29.574931;80.37;28.167561000000006;9.93;9.75;9.75;9.87;10.31;10.62;6.35;6.29
121;Villers-Plouich;2022-11-16;16:16:22;1;1;2;74.36;25.250908000000003;71.79;24.003687000000006;67.42;21.882926000000005;65.62;21.009386;64.29;20.363937;68.76;22.533228;10.06;9.75;10.18;10.31;10.68;10.87;6.35;6.29
122;Villers-Plouich;2022-11-16;16:16:32;1;1;6;74.04;25.095612000000003;76.12;26.105036000000005;77.51;26.779603;78.96;27.483288;70.08;23.173824000000003;67.15;21.751895000000005;10.37;10.31;10.37;10.62;10.93;11.37;6.35;6.29
123;Villers-Plouich;2022-11-16;16:16:43;1;1;7;75.96;26.027388000000002;71.43;23.828979000000004;73.41;24.789873;74.64;25.386792;74.24;25.192672;67.71;22.023663;10.43;10.0;10.37;10.81;11.0;11.18;6.35;6.29
124;Villers-Plouich;2022-11-16;16:27:39;1;1;1;71.12;23.678536;86.64;31.210392000000006;74.4;25.270320000000005;75.44;25.775032000000003;83.26;29.570078000000002;80.43;28.196679000000003;9.87;9.75;9.75;9.93;10.31;10.56;6.33;6.26
125;Villers-Plouich;2022-11-16;16:27:50;1;1;2;74.28;25.212084000000004;71.8;24.008540000000004;67.43;21.887779000000002;65.62;21.009386;64.29;20.363937;68.77;22.538081;10.12;9.75;10.18;10.31;10.68;10.87;6.33;6.23
126;Villers-Plouich;2022-11-16;16:28:01;1;1;6;74.04;25.095612000000003;76.14;26.114742;77.51;26.779603;79.03;27.517259000000003;70.08;23.173824000000003;67.15;21.751895000000005;10.37;10.31;10.37;10.56;10.93;11.37;6.33;6.23
127;Villers-Plouich;2022-11-16;16:28:12;1;1;7;75.96;26.027388000000002;71.44;23.833832;73.42;24.794726000000004;74.63;25.381939000000003;74.23;25.187819000000005;67.7;22.018810000000002;10.43;10.0;10.37;10.81;11.0;11.18;6.33;6.23
128;Villers-Plouich;2022-11-16;16:39:08;1;1;1;71.1;23.66883;86.67;31.224951000000004;74.4;25.270320000000005;75.44;25.775032000000003;83.26;29.570078000000002;80.36;28.162708000000002;9.87;9.75;9.75;9.93;10.31;10.62;6.31;6.21
129;Villers-Plouich;2022-11-16;16:39:19;1;1;2;74.28;25.212084000000004;71.81;24.013393;67.44;21.892632;65.62;21.009386;64.29;20.363937;68.77;22.538081;10.12;9.75;10.18;10.31;10.68;10.87;6.31;6.21
130;Villers-Plouich;2022-11-16;16:39:30;1;1;6;73.97;25.061641;76.15;26.119595000000004;77.53;26.789309000000003;79.02;27.512406;70.07;23.168971;67.15;21.751895000000005;10.43;10.31;10.37;10.56;10.93;11.37;6.31;6.21
131;Villers-Plouich;2022-11-16;16:39:41;1;1;7;75.94;26.017682;71.39;23.809567;73.43;24.79957900000001;74.64;25.386792;74.23;25.187819000000005;67.71;22.023663;10.43;10.06;10.37;10.81;11.0;11.18;6.31;6.18
132;Villers-Plouich;2022-11-16;16:50:37;1;1;1;71.08;23.659124;86.69;31.234657;74.41;25.275173000000002;75.44;25.775032000000003;83.26;29.570078000000002;80.36;28.162708000000002;9.87;9.75;9.75;9.93;10.31;10.62;6.31;6.13
133;Villers-Plouich;2022-11-16;16:50:47;1;1;2;74.32;25.231496;71.75;23.984275000000004;67.44;21.892632;65.62;21.009386;64.29;20.363937;68.69;22.499257;10.06;9.81;10.18;10.31;10.68;10.93;6.3;6.13
134;Villers-Plouich;2022-11-16;16:50:58;1;1;6;73.95;25.051935;76.15;26.119595000000004;77.53;26.789309000000003;79.02;27.512406;70.07;23.168971;67.08;21.717924000000004;10.43;10.31;10.37;10.56;10.93;11.43;6.3;6.13
135;Villers-Plouich;2022-11-16;16:51:09;1;1;7;75.93;26.012829000000004;71.4;23.814420000000005;73.43;24.79957900000001;74.65;25.391645000000004;74.24;25.192672;67.7;22.018810000000002;10.43;10.06;10.37;10.81;11.0;11.18;6.3;6.1
136;Villers-Plouich;2022-11-16;17:02:05;1;1;1;71.06;23.649418000000004;86.7;31.239510000000003;74.42;25.280026;75.44;25.775032000000003;83.26;29.570078000000002;80.35;28.157854999999998;9.87;9.75;9.75;9.93;10.31;10.62;6.3;6.1
137;Villers-Plouich;2022-11-16;17:02:16;1;1;2;74.31;25.226643000000003;71.76;23.989128000000008;67.45;21.897485000000003;65.62;21.009386;64.29;20.363937;68.69;22.499257;10.06;9.81;10.18;10.31;10.68;10.93;6.3;6.1
138;Villers-Plouich;2022-11-16;17:02:27;1;1;6;73.94;25.047082000000003;76.1;26.095329999999997;77.54;26.794162000000007;79.03;27.517259000000003;70.07;23.168971;67.15;21.751895000000005;10.43;10.37;10.37;10.56;10.93;11.37;6.3;6.1
139;Villers-Plouich;2022-11-16;17:02:38;1;1;7;75.92;26.007976000000006;71.41;23.819273000000003;73.44;24.804432;74.65;25.391645000000004;74.23;25.187819000000005;67.7;22.018810000000002;10.43;10.06;10.37;10.81;11.0;11.18;6.3;6.1
140;Villers-Plouich;2022-11-16;17:13:34;1;1;1;71.04;23.639712000000003;86.63;31.205539;74.42;25.280026;75.44;25.775032000000003;83.27;29.574931;80.36;28.162708000000002;9.87;9.81;9.75;9.93;10.31;10.62;6.3;6.07
141;Villers-Plouich;2022-11-16;17:13:45;1;1;2;74.28;25.212084000000004;71.77;23.993980999999998;67.39;21.868367;65.62;21.009386;64.29;20.363937;68.69;22.499257;10.06;9.81;10.25;10.31;10.68;10.93;6.3;6.04
142;Villers-Plouich;2022-11-16;17:13:55;1;1;6;73.93;25.042229000000006;76.11;26.100183;77.55;26.799015000000004;78.97;27.488141;70.07;23.168971;67.14;21.747042;10.43;10.37;10.37;10.62;10.93;11.37;6.29;6.04
143;Villers-Plouich;2022-11-16;17:14:06;1;1;7;75.89;25.993417;71.42;23.824126;73.44;24.804432;74.65;25.391645000000004;74.24;25.192672;67.69;22.013956999999998;10.43;10.06;10.37;10.81;11.0;11.18;6.29;6.04
144;Villers-Plouich;2022-11-16;17:25:02;1;1;1;71.01;23.625153000000005;86.65;31.215245000000003;74.43;25.284879000000004;75.45;25.779885;83.27;29.574931;80.43;28.196679000000003;9.87;9.81;9.75;9.93;10.31;10.56;6.29;2.14
145;Villers-Plouich;2022-11-16;17:25:13;1;1;2;74.25;25.197525;71.77;23.993980999999998;67.39;21.868367;65.63;21.014238999999996;64.29;20.363937;68.76;22.533228;10.06;9.81;10.25;10.31;10.68;10.87;6.29;2.08
146;Villers-Plouich;2022-11-16;17:25:24;1;1;6;73.98;25.066494000000006;76.12;26.105036000000005;77.56;26.803868;79.04;27.522112000000007;70.07;23.168971;67.14;21.747042;10.37;10.37;10.37;10.56;10.93;11.37;6.29;2.03
147;Villers-Plouich;2022-11-16;17:25:35;1;1;7;75.94;26.017682;71.43;23.828979000000004;73.38;24.775314;74.65;25.391645000000004;74.23;25.187819000000005;67.69;22.013956999999998;10.37;10.06;10.43;10.81;11.0;11.18;6.29;2.0
148;Villers-Plouich;2022-11-16;17:36:31;1;1;1;71.06;23.649418000000004;86.66;31.220098;74.44;25.289732;75.46;25.784737999999997;83.27;29.574931;80.36;28.162708000000002;9.81;9.81;9.75;9.93;10.31;10.62;6.29;0.4
149;Villers-Plouich;2022-11-16;17:36:42;1;1;2;74.3;25.22179;71.78;23.998834000000002;67.4;21.873220000000003;65.64;21.019092;64.29;20.363937;68.76;22.533228;10.0;9.81;10.25;10.31;10.68;10.87;6.28;0.4
150;Villers-Plouich;2022-11-16;17:36:53;1;1;6;73.96;25.056787999999997;76.13;26.109889000000003;77.57;26.808721;78.98;27.492994000000003;70.06;23.164118000000002;67.14;21.747042;10.37;10.37;10.37;10.62;10.93;11.37;6.28;0.4
151;Villers-Plouich;2022-11-16;17:37:04;1;1;7;75.93;26.012829000000004;71.45;23.838685000000005;73.39;24.780167000000006;74.66;25.396498;74.23;25.187819000000005;67.69;22.013956999999998;10.37;10.06;10.43;10.81;11.0;11.18;6.28;0.4
152;Villers-Plouich;2022-11-16;17:48:00;1;1;1;71.04;23.639712000000003;86.67;31.224951000000004;74.38;25.260613999999997;75.45;25.779885;83.26;29.570078000000002;80.43;28.196679000000003;9.81;9.81;9.81;9.93;10.31;10.56;6.28;0.4
153;Villers-Plouich;2022-11-16;17:48:10;1;1;2;74.29;25.21693700000001;71.72;23.969716;67.4;21.873220000000003;65.64;21.019092;64.29;20.363937;68.69;22.499257;10.0;9.87;10.25;10.31;10.68;10.93;6.28;0.4
154;Villers-Plouich;2022-11-16;17:48:21;1;1;6;73.94;25.047082000000003;76.13;26.109889000000003;77.57;26.808721;78.99;27.497847;70.06;23.164118000000002;67.14;21.747042;10.37;10.37;10.37;10.62;10.93;11.37;6.28;0.4
155;Villers-Plouich;2022-11-16;17:48:32;1;1;7;75.91;26.003123000000002;71.39;23.809567;73.4;24.785020000000003;74.66;25.396498;74.22;25.182966;67.69;22.013956999999998;10.37;10.12;10.43;10.81;11.0;11.18;6.28;0.37
156;Villers-Plouich;2022-11-16;17:59:28;1;1;1;71.01;23.625153000000005;86.69;31.234657;74.39;25.265467;75.46;25.784737999999997;83.27;29.574931;80.37;28.167561000000006;9.81;9.81;9.81;9.93;10.31;10.62;6.28;0.4
157;Villers-Plouich;2022-11-16;17:59:39;1;1;2;74.26;25.202378000000003;71.72;23.969716;67.4;21.873220000000003;65.64;21.019092;64.29;20.363937;68.68;22.494404000000003;10.0;9.87;10.25;10.31;10.68;10.93;6.28;0.37
158;Villers-Plouich;2022-11-16;17:59:50;1;1;6;73.92;25.037376000000002;76.14;26.114742;77.52;26.784456;78.98;27.492994000000003;70.06;23.164118000000002;67.07;21.713071;10.37;10.37;10.43;10.62;10.93;11.43;6.28;0.4
159;Villers-Plouich;2022-11-16;18:00:01;1;1;7;75.89;25.993417;71.39;23.809567;73.4;24.785020000000003;74.66;25.396498;74.22;25.182966;67.69;22.013956999999998;10.37;10.12;10.43;10.81;11.0;11.18;6.28;0.37
160;Villers-Plouich;2022-11-16;18:10:57;1;1;1;71.09;23.663977000000003;86.69;31.234657;74.4;25.270320000000005;75.47;25.789591;83.27;29.574931;80.36;28.162708000000002;9.75;9.81;9.81;9.93;10.31;10.62;6.28;0.4
161;Villers-Plouich;2022-11-16;18:11:08;1;1;2;74.24;25.192672;71.73;23.974569000000002;67.41;21.878073;65.65;21.023945000000005;64.29;20.363937;68.75;22.528375000000004;10.0;9.87;10.25;10.31;10.68;10.87;6.28;0.37
162;Villers-Plouich;2022-11-16;18:11:18;1;1;6;73.9;25.027670000000008;76.15;26.119595000000004;77.53;26.789309000000003;78.99;27.497847;70.0;23.135000000000005;67.13;21.742189000000003;10.37;10.37;10.43;10.62;11.0;11.37;6.28;0.37
163;Villers-Plouich;2022-11-16;18:11:29;1;1;7;75.87;25.983711000000007;71.4;23.814420000000005;73.42;24.794726000000004;74.67;25.401351000000005;74.22;25.182966;67.68;22.009104000000008;10.37;10.12;10.43;10.81;11.0;11.18;6.27;0.37
164;Villers-Plouich;2022-11-16;18:22:22;1;1;1;71.11;23.673683000000004;86.63;31.205539;74.41;25.275173000000002;75.48;25.794444000000006;83.27;29.574931;80.43;28.196679000000003;9.75;9.87;9.81;9.93;10.31;10.56;6.28;0.37
165;Villers-Plouich;2022-11-16;18:22:33;1;1;2;74.23;25.187819000000005;71.73;23.974569000000002;67.42;21.882926000000005;65.65;21.023945000000005;64.29;20.363937;68.68;22.494404000000003;10.0;9.87;10.25;10.31;10.68;10.93;6.27;0.4
166;Villers-Plouich;2022-11-16;18:22:44;1;1;6;73.9;25.027670000000008;76.08;26.085624000000003;77.53;26.789309000000003;79.06;27.531818;70.06;23.164118000000002;67.06;21.708218000000002;10.37;10.43;10.43;10.56;10.93;11.43;6.27;0.37
167;Villers-Plouich;2022-11-16;18:22:55;1;1;7;75.88;25.988563999999997;71.4;23.814420000000005;73.43;24.79957900000001;74.67;25.401351000000005;74.22;25.182966;67.68;22.009104000000008;10.37;10.12;10.43;10.81;11.0;11.18;6.26;0.37
168;Villers-Plouich;2022-11-16;18:33:05;1;1;1;71.31;23.770743000000003;86.76;31.268628000000007;74.42;25.280026;75.48;25.794444000000006;83.27;29.574931;80.43;28.196679000000003;9.75;9.81;9.81;9.93;10.31;10.56;6.27;0.37
169;Villers-Plouich;2022-11-16;18:33:16;1;1;2;74.25;25.197525;71.74;23.979422;67.43;21.887779000000002;65.65;21.023945000000005;64.3;20.368789999999997;68.75;22.528375000000004;10.0;9.87;10.25;10.31;10.68;10.87;6.27;0.37
170;Villers-Plouich;2022-11-16;18:33:27;1;1;6;74.13;25.139288999999998;76.1;26.095329999999997;77.54;26.794162000000007;79.01;27.507553;70.06;23.164118000000002;67.13;21.742189000000003;10.37;10.43;10.43;10.62;10.93;11.37;6.26;0.37
171;Villers-Plouich;2022-11-16;18:33:38;1;1;7;76.14;26.114742;71.41;23.819273000000003;73.43;24.79957900000001;74.6;25.367379999999997;74.22;25.182966;67.68;22.009104000000008;10.37;10.12;10.43;10.87;11.0;11.18;6.26;0.37
172;Villers-Plouich;2022-11-16;18:43:49;1;1;1;71.58;23.901774000000003;86.74;31.258922;74.45;25.294585000000005;75.49;25.799297000000003;83.28;29.579784000000004;80.36;28.162708000000002;9.75;9.87;9.81;9.93;10.31;10.62;6.26;0.37
173;Villers-Plouich;2022-11-16;18:44:00;1;1;2;74.31;25.226643000000003;71.77;23.993980999999998;67.36;21.853808;65.67;21.033651;64.3;20.368789999999997;68.68;22.494404000000003;10.0;9.87;10.31;10.31;10.68;10.93;6.26;0.37
174;Villers-Plouich;2022-11-16;18:44:10;1;1;6;74.26;25.202378000000003;76.12;26.105036000000005;77.56;26.803868;79.01;27.507553;70.06;23.164118000000002;67.13;21.742189000000003;10.37;10.43;10.43;10.62;10.93;11.37;6.26;0.37
175;Villers-Plouich;2022-11-16;18:44:21;1;1;7;76.39;26.236067000000006;71.45;23.838685000000005;73.44;24.804432;74.67;25.401351000000005;74.22;25.182966;67.67;22.004251000000004;10.31;10.12;10.43;10.81;11.0;11.18;6.26;0.37
176;Villers-Plouich;2022-11-16;18:54:32;1;1;1;71.83;24.023099000000002;86.78;31.278334;74.47;25.304291;75.49;25.799297000000003;83.27;29.574931;80.37;28.167561000000006;9.75;9.87;9.81;9.93;10.31;10.62;6.26;0.37
177;Villers-Plouich;2022-11-16;18:54:43;1;1;2;74.47;25.304291;71.76;23.989128000000008;67.38;21.863514000000002;65.59;20.994827;64.29;20.363937;68.75;22.528375000000004;9.93;9.93;10.31;10.37;10.68;10.87;6.26;0.37
178;Villers-Plouich;2022-11-16;18:54:54;1;1;6;74.74;25.435322;76.16;26.124448;77.57;26.808721;79.02;27.512406;70.05;23.159264999999998;67.12;21.737336000000006;10.37;10.43;10.43;10.62;10.93;11.37;6.26;0.37
179;Villers-Plouich;2022-11-16;18:55:05;1;1;7;76.51;26.294303000000006;71.49;23.858097;73.45;24.809285000000003;74.61;25.372233;74.22;25.182966;67.67;22.004251000000004;10.31;10.12;10.43;10.87;11.0;11.18;6.26;0.37
180;Villers-Plouich;2022-11-17;12:30:02;1;0;2;88.71;32.214963;82.39;29.147867000000005;79.52;27.755056000000003;87.67;31.710251000000007;82.33;29.118749;88.73;32.224669000000006;9.93;9.93;10.37;10.06;10.75;11.0;0.0;0.1
181;Villers-Plouich;2022-11-17;12:30:13;1;0;3;42.08;9.585423999999998;46.57;11.764421;60.45;18.500385;69.24;22.766171999999997;74.25;25.197525;72.19;24.197807000000005;9.87;9.75;10.5;10.62;10.87;11.06;0.0;0.13
182;Villers-Plouich;2022-11-17;12:30:23;1;0;5;41.45;9.279685000000002;69.93;23.101029000000004;75.16;25.639148;77.48;26.765044000000003;73.57;24.867520999999996;75.12;25.619736000000003;10.0;10.43;10.12;10.87;11.18;11.43;0.0;0.1
183;Villers-Plouich;2022-11-17;12:30:34;1;0;7;67.44;21.892632;74.49;25.313997;67.71;22.023663;69.26;22.775878000000006;66.8;21.58204;66.19;21.286006999999998;10.18;10.43;10.62;10.87;11.25;11.12;0.0;0.13
184;Villers-Plouich;2022-11-17;12:40:45;1;0;2;88.72;32.219816;82.36;29.133308;79.5;27.745350000000002;87.66;31.705398000000002;82.33;29.118749;88.73;32.224669000000006;9.93;9.93;10.37;10.06;10.75;11.0;0.0;0.1
185;Villers-Plouich;2022-11-17;12:40:56;1;0;3;42.02;9.556306000000001;46.65;11.803244999999999;60.45;18.500385;69.24;22.766171999999997;74.25;25.197525;72.19;24.197807000000005;9.93;9.68;10.5;10.62;10.87;11.06;0.0;0.1
186;Villers-Plouich;2022-11-17;12:41:07;1;0;5;41.44;9.274831999999998;69.93;23.101029000000004;75.17;25.644001000000003;77.47;26.760191;73.57;24.867520999999996;75.18;25.648854000000007;10.0;10.43;10.12;10.87;11.18;11.37;0.0;0.1
187;Villers-Plouich;2022-11-17;12:41:18;1;0;7;67.42;21.882926000000005;74.53;25.333409000000003;67.71;22.023663;69.26;22.775878000000006;66.79;21.577187000000002;66.18;21.281154000000008;10.18;10.37;10.62;10.87;11.25;11.12;0.0;0.05
188;Villers-Plouich;2022-11-17;12:51:29;1;0;2;88.73;32.224669000000006;82.34;29.123602000000005;79.48;27.735644;87.65;31.700545000000005;82.34;29.123602000000005;88.73;32.224669000000006;9.93;9.93;10.37;10.06;10.75;11.0;0.0;0.05
189;Villers-Plouich;2022-11-17;12:51:39;1;0;3;42.03;9.561159000000002;46.59;11.774127000000002;60.45;18.500385;69.24;22.766171999999997;74.25;25.197525;72.18;24.192954000000007;9.93;9.75;10.5;10.62;10.87;11.06;0.01;0.08
190;Villers-Plouich;2022-11-17;12:51:50;1;0;5;41.44;9.274831999999998;69.93;23.101029000000004;75.18;25.648854000000007;77.48;26.765044000000003;73.56;24.862668000000006;75.12;25.619736000000003;10.0;10.43;10.12;10.87;11.18;11.43;0.01;0.08
191;Villers-Plouich;2022-11-17;12:52:01;1;0;7;67.42;21.882926000000005;74.5;25.318850000000005;67.7;22.018810000000002;69.25;22.771025;66.78;21.572334000000005;66.17;21.276301000000004;10.18;10.37;10.62;10.87;11.25;11.12;0.0;0.1
192;Villers-Plouich;2022-11-17;13:12:57;1;0;2;88.66;32.190698;82.21;29.060513;79.44;27.716231999999998;87.64;31.695692;82.33;29.118749;88.74;32.229522;10.06;10.0;10.37;10.06;10.75;11.0;0.01;0.05
193;Villers-Plouich;2022-11-17;13:13:08;1;0;3;42.02;9.556306000000001;46.67;11.812951;60.45;18.500385;69.23;22.761319000000007;74.25;25.197525;72.17;24.188101000000003;10.0;9.68;10.5;10.62;10.87;11.06;0.0;0.1
194;Villers-Plouich;2022-11-17;13:13:19;1;0;5;41.44;9.274831999999998;69.94;23.105882;75.19;25.653707000000004;77.48;26.765044000000003;73.49;24.828697;75.18;25.648854000000007;10.0;10.43;10.12;10.87;11.25;11.37;0.0;0.05
195;Villers-Plouich;2022-11-17;13:13:30;1;0;7;67.36;21.853808;74.36;25.250908000000003;67.69;22.013956999999998;69.23;22.761319000000007;66.76;21.562628000000004;66.17;21.276301000000004;10.25;10.43;10.62;10.87;11.25;11.12;0.0;0.05
196;Villers-Plouich;2022-11-17;14:57:43;1;0;2;88.31;32.020843000000006;81.96;28.939188;79.24;27.619172;87.58;31.666574000000004;82.34;29.123602000000005;88.76;32.239228000000004;10.31;10.06;10.37;10.06;10.75;11.0;0.0;0.1
197;Villers-Plouich;2022-11-17;14:57:54;1;0;3;41.83;9.464099;46.65;11.803244999999999;60.48;18.514944;69.21;22.751613;74.21;25.178112999999996;72.12;24.163836000000003;10.31;9.81;10.5;10.62;10.87;11.06;0.0;0.08
198;Villers-Plouich;2022-11-17;14:58:05;1;0;5;41.26;9.187478;69.94;23.105882;75.26;25.687678000000005;77.47;26.760191;73.53;24.848109;75.15;25.634295;10.18;10.43;10.12;10.87;11.18;11.37;0.0;0.08
199;Villers-Plouich;2022-11-17;14:58:16;1;0;7;67.03;21.693659000000004;74.07;25.110171;67.66;21.999398;69.16;22.727348;66.65;21.509245000000007;66.15;21.266595000000002;10.56;10.5;10.62;10.87;11.31;11.12;0.0;0.08
200;Villers-Plouich;2022-11-17;15:40:42;1;0;2;89.59;32.642027000000006;82.19;29.050807;79.19;27.594907;87.57;31.661721;82.35;29.128455000000002;88.76;32.239228000000004;10.31;10.12;10.43;10.06;10.75;11.0;0.0;0.08
201;Villers-Plouich;2022-11-17;15:40:53;1;0;3;42.11;9.599983;46.71;11.832362999999999;60.52;18.534356000000002;69.2;22.746760000000002;74.19;25.168407000000002;72.11;24.158983;10.31;9.87;10.5;10.62;10.87;11.06;0.0;0.08
202;Villers-Plouich;2022-11-17;15:41:04;1;0;5;41.25;9.182625;69.89;23.081617;75.28;25.697384;77.46;26.755338000000002;73.46;24.814138;75.07;25.595470999999996;10.18;10.5;10.12;10.87;11.25;11.43;0.0;0.05
203;Villers-Plouich;2022-11-17;15:41:15;1;0;7;67.0;21.679100000000005;73.99;25.071347000000003;67.65;21.994545000000002;69.14;22.717642000000005;66.7;21.533510000000007;66.12;21.252036000000004;10.56;10.5;10.62;10.87;11.25;11.12;0.0;0.08
204;Villers-Plouich;2022-11-17;15:51:26;1;0;2;89.17;32.43820100000001;82.17;29.041101000000005;79.26;27.628878000000007;87.57;31.661721;82.36;29.133308;88.77;32.244081;10.31;10.12;10.37;10.06;10.75;11.0;0.0;0.08
205;Villers-Plouich;2022-11-17;15:51:36;1;0;3;42.1;9.59513;46.75;11.851775000000002;60.48;18.514944;69.2;22.746760000000002;74.19;25.168407000000002;72.11;24.158983;10.31;9.87;10.56;10.62;10.87;11.06;0.01;0.08
206;Villers-Plouich;2022-11-17;15:51:47;1;0;5;41.27;9.192331000000001;69.91;23.091323000000003;75.29;25.702237000000004;77.46;26.755338000000002;73.46;24.814138;75.07;25.595470999999996;10.18;10.5;10.12;10.87;11.25;11.43;0.0;0.1
207;Villers-Plouich;2022-11-17;15:51:58;1;0;7;67.0;21.679100000000005;73.99;25.071347000000003;67.66;21.999398;69.13;22.712789;66.63;21.499539;66.12;21.252036000000004;10.56;10.5;10.62;10.87;11.31;11.12;0.01;0.1
208;Villers-Plouich;2022-11-17;16:02:09;1;0;2;88.9;32.307170000000006;82.12;29.016836000000005;79.19;27.594907;87.57;31.661721;82.35;29.128455000000002;88.77;32.244081;10.31;10.12;10.43;10.06;10.75;11.0;0.0;0.1
209;Villers-Plouich;2022-11-17;16:02:20;1;0;3;42.09;9.590277000000002;46.76;11.856627999999999;60.57;18.558621000000002;69.2;22.746760000000002;74.19;25.168407000000002;72.1;24.154130000000002;10.31;9.87;10.5;10.62;10.87;11.06;0.0;0.08
210;Villers-Plouich;2022-11-17;16:02:31;1;0;5;41.27;9.192331000000001;69.92;23.096176;75.31;25.711943000000005;77.47;26.760191;73.46;24.814138;75.07;25.595470999999996;10.18;10.5;10.12;10.87;11.25;11.43;0.0;0.1
211;Villers-Plouich;2022-11-17;16:02:41;1;0;7;67.01;21.683953000000002;73.98;25.066494000000006;67.65;21.994545000000002;69.11;22.703083;66.63;21.499539;66.11;21.247183;10.56;10.5;10.62;10.87;11.31;11.12;0.0;0.08
212;Villers-Plouich;2022-11-17;16:12:52;1;0;2;88.78;32.248934000000006;82.08;28.997424000000002;79.19;27.594907;87.57;31.661721;82.36;29.133308;88.78;32.248934000000006;10.31;10.12;10.43;10.06;10.75;11.0;0.0;0.08
213;Villers-Plouich;2022-11-17;16:13:03;1;0;3;42.02;9.556306000000001;46.77;11.861481000000003;60.51;18.529503;69.2;22.746760000000002;74.19;25.168407000000002;72.09;24.149277000000005;10.37;9.87;10.56;10.62;10.87;11.06;0.01;0.08
214;Villers-Plouich;2022-11-17;16:13:14;1;0;5;41.27;9.192331000000001;69.93;23.101029000000004;75.31;25.711943000000005;77.46;26.755338000000002;73.53;24.848109;75.07;25.595470999999996;10.18;10.5;10.12;10.87;11.18;11.43;0.0;0.05
215;Villers-Plouich;2022-11-17;16:13:25;1;0;7;67.02;21.688806;73.97;25.061641;67.66;21.999398;69.12;22.707936000000004;66.69;21.528657000000003;66.11;21.247183;10.56;10.5;10.62;10.87;11.25;11.12;0.0;0.1
